{
  "id": "keyball61",
  "name": "keyball61",
  "layouts": {
    "default_transform": {
      "layout": [
          { "row": 0, "col":  0, "x":  0, "y": 0.5 },
          { "row": 0, "col":  1, "x":  1, "y": 0.5 },
          { "row": 0, "col":  2, "x":  2, "y": 0.25 },
          { "row": 0, "col":  3, "x":  3, "y": 0 },
          { "row": 0, "col":  4, "x":  4, "y": 0.25 },
          { "row": 0, "col":  5, "x":  5, "y": 0.45 },
          { "row": 0, "col":  8, "x":  10, "y": 0.45 },
          { "row": 0, "col":  9, "x":  11, "y": 0.25 },
          { "row": 0, "col": 10, "x": 12, "y": 0 },
          { "row": 0, "col": 11, "x": 13, "y": 0.25 },
          { "row": 0, "col": 12, "x": 14, "y": 0.5 },
          { "row": 0, "col": 13, "x": 15, "y": 0.5 },
        
          { "row": 1, "col":  0, "x":  0, "y": 1.5 },
          { "row": 1, "col":  1, "x":  1, "y": 1.5 },
          { "row": 1, "col":  2, "x":  2, "y": 1.25 },
          { "row": 1, "col":  3, "x":  3, "y": 1 },
          { "row": 1, "col":  4, "x":  4, "y": 1.25 },
          { "row": 1, "col":  5, "x":  5, "y": 1.45 },
          { "row": 1, "col":  8, "x":  10, "y": 1.45 },
          { "row": 1, "col":  9, "x":  11, "y": 1.25 },
          { "row": 1, "col": 10, "x": 12, "y": 1 },
          { "row": 1, "col": 11, "x": 13, "y": 1.25 },
          { "row": 1, "col": 12, "x": 14, "y": 1.5 },
          { "row": 1, "col": 13, "x": 15, "y": 1.5 },
        
          { "row": 2, "col":  0, "x":  0, "y": 2.5 },
          { "row": 2, "col":  1, "x":  1, "y": 2.5 },
          { "row": 2, "col":  2, "x":  2, "y": 2.25 },
          { "row": 2, "col":  3, "x":  3, "y": 2 },
          { "row": 2, "col":  4, "x":  4, "y": 2.25 },
          { "row": 2, "col":  5, "x":  5, "y": 2.45 },
          { "row": 2, "col":  8, "x":  10, "y": 2.45 },
          { "row": 2, "col":  9, "x":  11, "y": 2.25 },
          { "row": 2, "col": 10, "x": 12, "y": 2 },
          { "row": 2, "col": 11, "x": 13, "y": 2.25 },
          { "row": 2, "col": 12, "x": 14, "y": 2.5 },
          { "row": 2, "col": 13, "x": 15, "y": 2.5 },
        
          { "row": 3, "col":  0, "x":  0, "y": 3.5 },
          { "row": 3, "col":  1, "x":  1, "y": 3.5 },
          { "row": 3, "col":  2, "x":  2, "y": 3.25 },
          { "row": 3, "col":  3, "x":  3, "y": 3 },
          { "row": 3, "col":  4, "x":  4, "y": 3.25 },
          { "row": 3, "col":  5, "x":  5, "y": 3.45 },
          { "row": 3, "col":  6, "x":  6, "y": 3.45 },
          { "row": 3, "col":  7, "x":  9, "y": 3.45 },
          { "row": 3, "col":  8, "x":  10, "y": 3.45 },
          { "row": 3, "col":  9, "x":  11, "y": 3.25 },
          { "row": 3, "col": 10, "x": 12, "y": 3 },
          { "row": 3, "col": 11, "x": 13, "y": 3.25 },
          { "row": 3, "col": 12, "x": 14, "y": 3.5 },
          { "row": 3, "col": 13, "x": 15, "y": 3.5 },
        
          { "row": 4, "col":  0, "x":  0, "y": 4.5 },
          { "row": 4, "col":  1, "x":  1, "y": 4.5 },
          { "row": 4, "col":  2, "x":  2, "y": 4.25 },
          { "row": 4, "col":  3, "x":  3, "y": 4 },
          { "row": 4, "col":  4, "x":  4.5, "y": 4.5 },
          { "row": 4, "col":  5, "x":  6.3, "y": 3.5, "r":  10, "rx": 0, "ry":  0 },
          { "row": 4, "col":  6, "x":  8.1, "y": 1.5, "r":  25, "rx": 0, "ry":  0 },
          { "row": 4, "col":  7, "x":  5.5, "y": 8.3, "r":  -25, "rx": 0, "ry":  0  },
          { "row": 4, "col":  8, "x":  8.6, "y": 6.3, "r":  -10, "rx": 0, "ry":  0  },
          { "row": 4, "col": 12, "x": 14, "y": 4.5 },
          { "row": 4, "col": 13, "x": 15, "y": 4.5 }
        ]
      }
    },
    "sensors": []
  }